{
  "project_info": {
    "project_number": "1013842289814",
    "project_id": "pemrograman-bergerak-ce1c3",
    "storage_bucket": "pemrograman-bergerak-ce1c3.firebasestorage.app"
  },
  "client": [
    {
      "client_info": {
        "mobilesdk_app_id": "1:1013842289814:android:294e37fa8af412ba918eb7",
        "android_client_info": {
          "package_name": "com.example.myapplication"
        }
      },
      "oauth_client": [],
      "api_key": [
        {
          "current_key": "AIzaSyCHER6Ih15ldIxgIVT9aBlgNbpTGr_leXE"
        }
      ],
      "services": {
        "appinvite_service": {
          "other_platform_oauth_client": []
        }
      }
    }
  ],
  "configuration_version": "1"
}